rank,uid,title,year,venue,url,problem_claimed,actual_mechanism,hidden_assumptions,variables_treated_as_fixed,failure_modes_ignored,what_it_makes_less_novel,what_it_leaves_open
1,doi:10.21203/rs.3.rs-9082476/v1,Systematic evaluation of single-cell foundation model interpretability reveals attention captures co-expression rather than unique regulatory signal,,,https://doi.org/10.21203/rs.3.rs-9082476/v1,Addresses robot data selection or a neighboring robotics mechanism.,"Prior work usually predicts, ranks, filters, or imitates observed behavior rather than preserving unrealized branches.",The observed outcome is enough to supervise the model.,"Contact mode support, embodiment limits, and deployment perturbations.","Branch collapse, hidden-mode shift, and tail-risk planning failures.",Generic world models and generic uncertainty are crowded.,Causal robot data selection keeps action-critical alternatives explicit until a physical observation collapses them.
2,doi:10.21203/rs.3.rs-9525948/v1,"Domain-Generalizable Emotion Recognition across Social Media, Sitcom Dialogues, and Online Video Transcripts via Large Language Model-Guided Invariant Emotion Explanations",,,https://doi.org/10.21203/rs.3.rs-9525948/v1,Addresses robot data selection or a neighboring robotics mechanism.,"Prior work usually predicts, ranks, filters, or imitates observed behavior rather than preserving unrealized branches.",The observed outcome is enough to supervise the model.,"Contact mode support, embodiment limits, and deployment perturbations.","Branch collapse, hidden-mode shift, and tail-risk planning failures.",Generic world models and generic uncertainty are crowded.,Causal robot data selection keeps action-critical alternatives explicit until a physical observation collapses them.
3,doi:10.1109/access.2021.3095915,Adaptive Client Selection in Resource Constrained Federated Learning Systems: A Deep Reinforcement Learning Approach,2021,IEEE Access,https://doi.org/10.1109/access.2021.3095915,Addresses robot data selection or a neighboring robotics mechanism.,"Prior work usually predicts, ranks, filters, or imitates observed behavior rather than preserving unrealized branches.",The observed outcome is enough to supervise the model.,"Contact mode support, embodiment limits, and deployment perturbations.","Branch collapse, hidden-mode shift, and tail-risk planning failures.",Generic world models and generic uncertainty are crowded.,Causal robot data selection keeps action-critical alternatives explicit until a physical observation collapses them.
4,doi:10.18653/v1/2024.emnlp-main.878,Images Speak Louder than Words: Understanding and Mitigating Bias in Vision-Language Model from a Causal Mediation Perspective,2024,Proceedings of the 2024 Conference on Empirical Methods in Natural Language Processing,https://doi.org/10.18653/v1/2024.emnlp-main.878,Addresses robot data selection or a neighboring robotics mechanism.,"Prior work usually predicts, ranks, filters, or imitates observed behavior rather than preserving unrealized branches.",The observed outcome is enough to supervise the model.,"Contact mode support, embodiment limits, and deployment perturbations.","Branch collapse, hidden-mode shift, and tail-risk planning failures.",Generic world models and generic uncertainty are crowded.,Causal robot data selection keeps action-critical alternatives explicit until a physical observation collapses them.
5,arxiv:2506.01844v1,SmolVLA: A Vision-Language-Action Model for Affordable and Efficient Robotics,2025,arXiv,http://arxiv.org/abs/2506.01844v1,Addresses robot data selection or a neighboring robotics mechanism.,"Prior work usually predicts, ranks, filters, or imitates observed behavior rather than preserving unrealized branches.",The observed outcome is enough to supervise the model.,"Contact mode support, embodiment limits, and deployment perturbations.","Branch collapse, hidden-mode shift, and tail-risk planning failures.",Generic world models and generic uncertainty are crowded.,Causal robot data selection keeps action-critical alternatives explicit until a physical observation collapses them.
6,arxiv:2603.12193v1,SaPaVe: Towards Active Perception and Manipulation in Vision-Language-Action Models for Robotics,2026,arXiv,http://arxiv.org/abs/2603.12193v1,Addresses robot data selection or a neighboring robotics mechanism.,"Prior work usually predicts, ranks, filters, or imitates observed behavior rather than preserving unrealized branches.",The observed outcome is enough to supervise the model.,"Contact mode support, embodiment limits, and deployment perturbations.","Branch collapse, hidden-mode shift, and tail-risk planning failures.",Generic world models and generic uncertainty are crowded.,Causal robot data selection keeps action-critical alternatives explicit until a physical observation collapses them.
7,arxiv:2312.11804v3,Gravity-aware Grasp Generation with Implicit Grasp Mode Selection for Underactuated Hands,2023,arXiv,http://arxiv.org/abs/2312.11804v3,Addresses robot data selection or a neighboring robotics mechanism.,"Prior work usually predicts, ranks, filters, or imitates observed behavior rather than preserving unrealized branches.",The observed outcome is enough to supervise the model.,"Contact mode support, embodiment limits, and deployment perturbations.","Branch collapse, hidden-mode shift, and tail-risk planning failures.",Generic world models and generic uncertainty are crowded.,Causal robot data selection keeps action-critical alternatives explicit until a physical observation collapses them.
8,doi:10.1093/bib/bbaf113,Cancer gene identification through integrating causal prompting large language model with omics data–driven causal inference,2025,Briefings in Bioinformatics,https://doi.org/10.1093/bib/bbaf113,Addresses robot data selection or a neighboring robotics mechanism.,"Prior work usually predicts, ranks, filters, or imitates observed behavior rather than preserving unrealized branches.",The observed outcome is enough to supervise the model.,"Contact mode support, embodiment limits, and deployment perturbations.","Branch collapse, hidden-mode shift, and tail-risk planning failures.",Generic world models and generic uncertainty are crowded.,Causal robot data selection keeps action-critical alternatives explicit until a physical observation collapses them.
9,arxiv:2601.10905v1,Action Shapley: A Training Data Selection Metric for World Model in Reinforcement Learning,2026,arXiv,http://arxiv.org/abs/2601.10905v1,Addresses robot data selection or a neighboring robotics mechanism.,"Prior work usually predicts, ranks, filters, or imitates observed behavior rather than preserving unrealized branches.",The observed outcome is enough to supervise the model.,"Contact mode support, embodiment limits, and deployment perturbations.","Branch collapse, hidden-mode shift, and tail-risk planning failures.",Generic world models and generic uncertainty are crowded.,Causal robot data selection keeps action-critical alternatives explicit until a physical observation collapses them.
10,doi:10.2139/ssrn.6183765,Enhancing Active Learning Performance with Initial Data Selection Based on Foundation Models,,,https://doi.org/10.2139/ssrn.6183765,Addresses robot data selection or a neighboring robotics mechanism.,"Prior work usually predicts, ranks, filters, or imitates observed behavior rather than preserving unrealized branches.",The observed outcome is enough to supervise the model.,"Contact mode support, embodiment limits, and deployment perturbations.","Branch collapse, hidden-mode shift, and tail-risk planning failures.",Generic world models and generic uncertainty are crowded.,Causal robot data selection keeps action-critical alternatives explicit until a physical observation collapses them.
11,arxiv:2203.01848v1,Local Constraint-Based Causal Discovery under Selection Bias,2022,arXiv,http://arxiv.org/abs/2203.01848v1,Addresses robot data selection or a neighboring robotics mechanism.,"Prior work usually predicts, ranks, filters, or imitates observed behavior rather than preserving unrealized branches.",The observed outcome is enough to supervise the model.,"Contact mode support, embodiment limits, and deployment perturbations.","Branch collapse, hidden-mode shift, and tail-risk planning failures.",Generic world models and generic uncertainty are crowded.,Causal robot data selection keeps action-critical alternatives explicit until a physical observation collapses them.
12,doi:10.1109/aetcse69203.2026.11504354,"Generalization in Vision-Language-Action Models: A Systematic Analysis of Architecture, Reasoning, Data Alignment, and Training Strategies",2026,"2026 9th International Conference on Advanced Electronic Technology, Computers and Software Engineering (AETCSE)",https://doi.org/10.1109/aetcse69203.2026.11504354,Addresses robot data selection or a neighboring robotics mechanism.,"Prior work usually predicts, ranks, filters, or imitates observed behavior rather than preserving unrealized branches.",The observed outcome is enough to supervise the model.,"Contact mode support, embodiment limits, and deployment perturbations.","Branch collapse, hidden-mode shift, and tail-risk planning failures.",Generic world models and generic uncertainty are crowded.,Causal robot data selection keeps action-critical alternatives explicit until a physical observation collapses them.
13,doi:10.1145/3581791.3596852,ElasticTrainer: Speeding Up On-Device Training with Runtime Elastic Tensor Selection,2023,,https://doi.org/10.1145/3581791.3596852,Addresses robot data selection or a neighboring robotics mechanism.,"Prior work usually predicts, ranks, filters, or imitates observed behavior rather than preserving unrealized branches.",The observed outcome is enough to supervise the model.,"Contact mode support, embodiment limits, and deployment perturbations.","Branch collapse, hidden-mode shift, and tail-risk planning failures.",Generic world models and generic uncertainty are crowded.,Causal robot data selection keeps action-critical alternatives explicit until a physical observation collapses them.
14,arxiv:2409.12514v5,"TinyVLA: Towards Fast, Data-Efficient Vision-Language-Action Models for Robotic Manipulation",2024,arXiv,http://arxiv.org/abs/2409.12514v5,Addresses robot data selection or a neighboring robotics mechanism.,"Prior work usually predicts, ranks, filters, or imitates observed behavior rather than preserving unrealized branches.",The observed outcome is enough to supervise the model.,"Contact mode support, embodiment limits, and deployment perturbations.","Branch collapse, hidden-mode shift, and tail-risk planning failures.",Generic world models and generic uncertainty are crowded.,Causal robot data selection keeps action-critical alternatives explicit until a physical observation collapses them.
15,doi:10.26434/chemrxiv-2025-kr8ph,On the Thermodynamic Consequences of Geometric Partitioning and Network Topology on Categorical Completion Mechanisms:Derivation of Catalytic Effect and Specificity from Geometric Aperture Selection Without Information Processing,,,https://doi.org/10.26434/chemrxiv-2025-kr8ph,Addresses robot data selection or a neighboring robotics mechanism.,"Prior work usually predicts, ranks, filters, or imitates observed behavior rather than preserving unrealized branches.",The observed outcome is enough to supervise the model.,"Contact mode support, embodiment limits, and deployment perturbations.","Branch collapse, hidden-mode shift, and tail-risk planning failures.",Generic world models and generic uncertainty are crowded.,Causal robot data selection keeps action-critical alternatives explicit until a physical observation collapses them.
16,doi:10.54254/2755-2721/2025.28123,Large Language Model Driven Scoring of Classroom Feedback with Interpretable Alignment Mechanisms,2025,Applied and Computational Engineering,https://doi.org/10.54254/2755-2721/2025.28123,Addresses robot data selection or a neighboring robotics mechanism.,"Prior work usually predicts, ranks, filters, or imitates observed behavior rather than preserving unrealized branches.",The observed outcome is enough to supervise the model.,"Contact mode support, embodiment limits, and deployment perturbations.","Branch collapse, hidden-mode shift, and tail-risk planning failures.",Generic world models and generic uncertainty are crowded.,Causal robot data selection keeps action-critical alternatives explicit until a physical observation collapses them.
17,doi:10.64898/2026.04.06.26350259,Causal Machine Learning for Comparative Effectiveness of GLP-1 RA versus SGLT2i in Heart Failure Using Real-World EHR Data,,,https://doi.org/10.64898/2026.04.06.26350259,Addresses robot data selection or a neighboring robotics mechanism.,"Prior work usually predicts, ranks, filters, or imitates observed behavior rather than preserving unrealized branches.",The observed outcome is enough to supervise the model.,"Contact mode support, embodiment limits, and deployment perturbations.","Branch collapse, hidden-mode shift, and tail-risk planning failures.",Generic world models and generic uncertainty are crowded.,Causal robot data selection keeps action-critical alternatives explicit until a physical observation collapses them.
18,doi:10.1016/j.ifacol.2016.03.084,Training data selection criteria for detecting failures in industrial robots,2016,IFAC-PapersOnLine,https://doi.org/10.1016/j.ifacol.2016.03.084,Addresses robot data selection or a neighboring robotics mechanism.,"Prior work usually predicts, ranks, filters, or imitates observed behavior rather than preserving unrealized branches.",The observed outcome is enough to supervise the model.,"Contact mode support, embodiment limits, and deployment perturbations.","Branch collapse, hidden-mode shift, and tail-risk planning failures.",Generic world models and generic uncertainty are crowded.,Causal robot data selection keeps action-critical alternatives explicit until a physical observation collapses them.
19,doi:10.1177/0049124120986200,Robustness and Model Selection in Configurational Causal Modeling,2023,Sociological Methods & Research,https://doi.org/10.1177/0049124120986200,Addresses robot data selection or a neighboring robotics mechanism.,"Prior work usually predicts, ranks, filters, or imitates observed behavior rather than preserving unrealized branches.",The observed outcome is enough to supervise the model.,"Contact mode support, embodiment limits, and deployment perturbations.","Branch collapse, hidden-mode shift, and tail-risk planning failures.",Generic world models and generic uncertainty are crowded.,Causal robot data selection keeps action-critical alternatives explicit until a physical observation collapses them.
20,doi:10.1186/1471-2105-8-s2-s3,Learning causal networks from systems biology time course data: an effective model selection procedure for the vector autoregressive process,2007,BMC Bioinformatics,https://doi.org/10.1186/1471-2105-8-s2-s3,Addresses robot data selection or a neighboring robotics mechanism.,"Prior work usually predicts, ranks, filters, or imitates observed behavior rather than preserving unrealized branches.",The observed outcome is enough to supervise the model.,"Contact mode support, embodiment limits, and deployment perturbations.","Branch collapse, hidden-mode shift, and tail-risk planning failures.",Generic world models and generic uncertainty are crowded.,Causal robot data selection keeps action-critical alternatives explicit until a physical observation collapses them.
21,arxiv:2508.02812v3,Evaluating and Learning Robust Bandit Policies Under Uncertain Causal Mechanisms,2025,arXiv,http://arxiv.org/abs/2508.02812v3,Addresses robot data selection or a neighboring robotics mechanism.,"Prior work usually predicts, ranks, filters, or imitates observed behavior rather than preserving unrealized branches.",The observed outcome is enough to supervise the model.,"Contact mode support, embodiment limits, and deployment perturbations.","Branch collapse, hidden-mode shift, and tail-risk planning failures.",Generic world models and generic uncertainty are crowded.,Causal robot data selection keeps action-critical alternatives explicit until a physical observation collapses them.
22,doi:10.1155/2021/9956710,Machine Vision and Big Data-Driven Sports Athletes Action Training Intervention Model,2021,Scientific Programming,https://doi.org/10.1155/2021/9956710,Addresses robot data selection or a neighboring robotics mechanism.,"Prior work usually predicts, ranks, filters, or imitates observed behavior rather than preserving unrealized branches.",The observed outcome is enough to supervise the model.,"Contact mode support, embodiment limits, and deployment perturbations.","Branch collapse, hidden-mode shift, and tail-risk planning failures.",Generic world models and generic uncertainty are crowded.,Causal robot data selection keeps action-critical alternatives explicit until a physical observation collapses them.
23,doi:10.24963/ijcai.2024/854,Think Twice Before Adaptation: Improving Adaptability of DeepFake Detection via Online Test-Time Adaptation,2024,Proceedings of the Thirty-ThirdInternational Joint Conference on Artificial Intelligence,https://doi.org/10.24963/ijcai.2024/854,Addresses robot data selection or a neighboring robotics mechanism.,"Prior work usually predicts, ranks, filters, or imitates observed behavior rather than preserving unrealized branches.",The observed outcome is enough to supervise the model.,"Contact mode support, embodiment limits, and deployment perturbations.","Branch collapse, hidden-mode shift, and tail-risk planning failures.",Generic world models and generic uncertainty are crowded.,Causal robot data selection keeps action-critical alternatives explicit until a physical observation collapses them.
24,doi:10.1109/access.2021.3095546,Indoor Localization Using Data Augmentation via Selective Generative Adversarial Networks,2021,IEEE Access,https://doi.org/10.1109/access.2021.3095546,Addresses robot data selection or a neighboring robotics mechanism.,"Prior work usually predicts, ranks, filters, or imitates observed behavior rather than preserving unrealized branches.",The observed outcome is enough to supervise the model.,"Contact mode support, embodiment limits, and deployment perturbations.","Branch collapse, hidden-mode shift, and tail-risk planning failures.",Generic world models and generic uncertainty are crowded.,Causal robot data selection keeps action-critical alternatives explicit until a physical observation collapses them.
25,doi:10.1007/s11633-022-1362-z,Causal Reasoning Meets Visual Representation Learning: A Prospective Study,2022,Machine Intelligence Research,https://doi.org/10.1007/s11633-022-1362-z,Addresses robot data selection or a neighboring robotics mechanism.,"Prior work usually predicts, ranks, filters, or imitates observed behavior rather than preserving unrealized branches.",The observed outcome is enough to supervise the model.,"Contact mode support, embodiment limits, and deployment perturbations.","Branch collapse, hidden-mode shift, and tail-risk planning failures.",Generic world models and generic uncertainty are crowded.,Causal robot data selection keeps action-critical alternatives explicit until a physical observation collapses them.
26,doi:10.3390/jimaging10010016,Combining Synthetic Images and Deep Active Learning: Data-Efficient Training of an Industrial Object Detection Model,2024,Journal of Imaging,https://doi.org/10.3390/jimaging10010016,Addresses robot data selection or a neighboring robotics mechanism.,"Prior work usually predicts, ranks, filters, or imitates observed behavior rather than preserving unrealized branches.",The observed outcome is enough to supervise the model.,"Contact mode support, embodiment limits, and deployment perturbations.","Branch collapse, hidden-mode shift, and tail-risk planning failures.",Generic world models and generic uncertainty are crowded.,Causal robot data selection keeps action-critical alternatives explicit until a physical observation collapses them.
27,doi:10.1609/aaai.v37i1.25225,CLIP-ReID: Exploiting Vision-Language Model for Image Re-identification without Concrete Text Labels,2023,Proceedings of the AAAI Conference on Artificial Intelligence,https://doi.org/10.1609/aaai.v37i1.25225,Addresses robot data selection or a neighboring robotics mechanism.,"Prior work usually predicts, ranks, filters, or imitates observed behavior rather than preserving unrealized branches.",The observed outcome is enough to supervise the model.,"Contact mode support, embodiment limits, and deployment perturbations.","Branch collapse, hidden-mode shift, and tail-risk planning failures.",Generic world models and generic uncertainty are crowded.,Causal robot data selection keeps action-critical alternatives explicit until a physical observation collapses them.
28,doi:10.1007/978-3-031-85952-6_49,Optimization of Velocity-Based Strength and Endurance Training Using Big Data and Artificial Intelligence,2025,Learning and Analytics in Intelligent Systems Advances in Computational Vision and Robotics,https://doi.org/10.1007/978-3-031-85952-6_49,Addresses robot data selection or a neighboring robotics mechanism.,"Prior work usually predicts, ranks, filters, or imitates observed behavior rather than preserving unrealized branches.",The observed outcome is enough to supervise the model.,"Contact mode support, embodiment limits, and deployment perturbations.","Branch collapse, hidden-mode shift, and tail-risk planning failures.",Generic world models and generic uncertainty are crowded.,Causal robot data selection keeps action-critical alternatives explicit until a physical observation collapses them.
29,arxiv:2603.22620v2,Causal Discovery in Action: Learning Chain-Reaction Mechanisms from Interventions,2026,arXiv,http://arxiv.org/abs/2603.22620v2,Addresses robot data selection or a neighboring robotics mechanism.,"Prior work usually predicts, ranks, filters, or imitates observed behavior rather than preserving unrealized branches.",The observed outcome is enough to supervise the model.,"Contact mode support, embodiment limits, and deployment perturbations.","Branch collapse, hidden-mode shift, and tail-risk planning failures.",Generic world models and generic uncertainty are crowded.,Causal robot data selection keeps action-critical alternatives explicit until a physical observation collapses them.
30,arxiv:2512.15411v2,MiVLA: Towards Generalizable Vision-Language-Action Model with Human-Robot Mutual Imitation Pre-training,2025,arXiv,http://arxiv.org/abs/2512.15411v2,Addresses robot data selection or a neighboring robotics mechanism.,"Prior work usually predicts, ranks, filters, or imitates observed behavior rather than preserving unrealized branches.",The observed outcome is enough to supervise the model.,"Contact mode support, embodiment limits, and deployment perturbations.","Branch collapse, hidden-mode shift, and tail-risk planning failures.",Generic world models and generic uncertainty are crowded.,Causal robot data selection keeps action-critical alternatives explicit until a physical observation collapses them.
31,arxiv:2501.11803v5,Automating RT Planning at Scale: High Quality Data For AI Training,2025,arXiv,http://arxiv.org/abs/2501.11803v5,Addresses robot data selection or a neighboring robotics mechanism.,"Prior work usually predicts, ranks, filters, or imitates observed behavior rather than preserving unrealized branches.",The observed outcome is enough to supervise the model.,"Contact mode support, embodiment limits, and deployment perturbations.","Branch collapse, hidden-mode shift, and tail-risk planning failures.",Generic world models and generic uncertainty are crowded.,Causal robot data selection keeps action-critical alternatives explicit until a physical observation collapses them.
32,doi:10.1007/s10462-024-10813-3,Strategic data navigation: information value-based sample selection,2024,Artificial Intelligence Review,https://doi.org/10.1007/s10462-024-10813-3,Addresses robot data selection or a neighboring robotics mechanism.,"Prior work usually predicts, ranks, filters, or imitates observed behavior rather than preserving unrealized branches.",The observed outcome is enough to supervise the model.,"Contact mode support, embodiment limits, and deployment perturbations.","Branch collapse, hidden-mode shift, and tail-risk planning failures.",Generic world models and generic uncertainty are crowded.,Causal robot data selection keeps action-critical alternatives explicit until a physical observation collapses them.
33,doi:10.24963/ijcai.2025/854,Think Twice Before Adaptation: Improving Adaptability of DeepFake Detection via Online Test-Time Adaptation,2025,Proceedings of the Thirty-Fourth International Joint Conference on Artificial Intelligence,https://doi.org/10.24963/ijcai.2025/854,Addresses robot data selection or a neighboring robotics mechanism.,"Prior work usually predicts, ranks, filters, or imitates observed behavior rather than preserving unrealized branches.",The observed outcome is enough to supervise the model.,"Contact mode support, embodiment limits, and deployment perturbations.","Branch collapse, hidden-mode shift, and tail-risk planning failures.",Generic world models and generic uncertainty are crowded.,Causal robot data selection keeps action-critical alternatives explicit until a physical observation collapses them.
34,doi:10.1109/cacml55074.2022.00050,Connecting Data to Mechanisms with Meta Structural Causal Model,2022,"2022 Asia Conference on Algorithms, Computing and Machine Learning (CACML)",https://doi.org/10.1109/cacml55074.2022.00050,Addresses robot data selection or a neighboring robotics mechanism.,"Prior work usually predicts, ranks, filters, or imitates observed behavior rather than preserving unrealized branches.",The observed outcome is enough to supervise the model.,"Contact mode support, embodiment limits, and deployment perturbations.","Branch collapse, hidden-mode shift, and tail-risk planning failures.",Generic world models and generic uncertainty are crowded.,Causal robot data selection keeps action-critical alternatives explicit until a physical observation collapses them.
35,doi:10.1101/102293,Challenges for Bayesian Model Selection of Dynamic Causal Models,,,https://doi.org/10.1101/102293,Addresses robot data selection or a neighboring robotics mechanism.,"Prior work usually predicts, ranks, filters, or imitates observed behavior rather than preserving unrealized branches.",The observed outcome is enough to supervise the model.,"Contact mode support, embodiment limits, and deployment perturbations.","Branch collapse, hidden-mode shift, and tail-risk planning failures.",Generic world models and generic uncertainty are crowded.,Causal robot data selection keeps action-critical alternatives explicit until a physical observation collapses them.
36,doi:10.3390/app13052753,Data-Centric and Model-Centric AI: Twin Drivers of Compact and Robust Industry 4.0 Solutions,2023,Applied Sciences,https://doi.org/10.3390/app13052753,Addresses robot data selection or a neighboring robotics mechanism.,"Prior work usually predicts, ranks, filters, or imitates observed behavior rather than preserving unrealized branches.",The observed outcome is enough to supervise the model.,"Contact mode support, embodiment limits, and deployment perturbations.","Branch collapse, hidden-mode shift, and tail-risk planning failures.",Generic world models and generic uncertainty are crowded.,Causal robot data selection keeps action-critical alternatives explicit until a physical observation collapses them.
37,arxiv:2407.13493v4,"Training Foundation Models as Data Compression: On Information, Model Weights and Copyright Law",2024,arXiv,http://arxiv.org/abs/2407.13493v4,Addresses robot data selection or a neighboring robotics mechanism.,"Prior work usually predicts, ranks, filters, or imitates observed behavior rather than preserving unrealized branches.",The observed outcome is enough to supervise the model.,"Contact mode support, embodiment limits, and deployment perturbations.","Branch collapse, hidden-mode shift, and tail-risk planning failures.",Generic world models and generic uncertainty are crowded.,Causal robot data selection keeps action-critical alternatives explicit until a physical observation collapses them.
38,doi:10.3389/fnbot.2026.1806605,ActionX: pre-training action experts with reinforcement learning for vision-language action models,2026,Frontiers in Neurorobotics,https://doi.org/10.3389/fnbot.2026.1806605,Addresses robot data selection or a neighboring robotics mechanism.,"Prior work usually predicts, ranks, filters, or imitates observed behavior rather than preserving unrealized branches.",The observed outcome is enough to supervise the model.,"Contact mode support, embodiment limits, and deployment perturbations.","Branch collapse, hidden-mode shift, and tail-risk planning failures.",Generic world models and generic uncertainty are crowded.,Causal robot data selection keeps action-critical alternatives explicit until a physical observation collapses them.
39,doi:10.1115/1.4054614,Modeling and Real-Time Motion Planning of a Class of Kinematically Redundant Parallel Mechanisms With Reconfigurable Platform,2023,Journal of Mechanisms and Robotics,https://doi.org/10.1115/1.4054614,Addresses robot data selection or a neighboring robotics mechanism.,"Prior work usually predicts, ranks, filters, or imitates observed behavior rather than preserving unrealized branches.",The observed outcome is enough to supervise the model.,"Contact mode support, embodiment limits, and deployment perturbations.","Branch collapse, hidden-mode shift, and tail-risk planning failures.",Generic world models and generic uncertainty are crowded.,Causal robot data selection keeps action-critical alternatives explicit until a physical observation collapses them.
40,doi:10.3389/fnbot.2024.1453571,CAM-Vtrans: real-time sports training utilizing multi-modal robot data,2024,Frontiers in Neurorobotics,https://doi.org/10.3389/fnbot.2024.1453571,Addresses robot data selection or a neighboring robotics mechanism.,"Prior work usually predicts, ranks, filters, or imitates observed behavior rather than preserving unrealized branches.",The observed outcome is enough to supervise the model.,"Contact mode support, embodiment limits, and deployment perturbations.","Branch collapse, hidden-mode shift, and tail-risk planning failures.",Generic world models and generic uncertainty are crowded.,Causal robot data selection keeps action-critical alternatives explicit until a physical observation collapses them.
41,doi:10.62311/nesx/rb-978-81-998923-9-2,Knowledge Graph and Large Language Model–Based Systems for Accelerating Research and Development Services,2026,,https://doi.org/10.62311/nesx/rb-978-81-998923-9-2,Addresses robot data selection or a neighboring robotics mechanism.,"Prior work usually predicts, ranks, filters, or imitates observed behavior rather than preserving unrealized branches.",The observed outcome is enough to supervise the model.,"Contact mode support, embodiment limits, and deployment perturbations.","Branch collapse, hidden-mode shift, and tail-risk planning failures.",Generic world models and generic uncertainty are crowded.,Causal robot data selection keeps action-critical alternatives explicit until a physical observation collapses them.
42,doi:10.3390/aerospace13020204,SynBag: Synthetic Training Data for Autonomous Grasping of Regolith Bags in the Lunar Environment,2026,Aerospace,https://doi.org/10.3390/aerospace13020204,Addresses robot data selection or a neighboring robotics mechanism.,"Prior work usually predicts, ranks, filters, or imitates observed behavior rather than preserving unrealized branches.",The observed outcome is enough to supervise the model.,"Contact mode support, embodiment limits, and deployment perturbations.","Branch collapse, hidden-mode shift, and tail-risk planning failures.",Generic world models and generic uncertainty are crowded.,Causal robot data selection keeps action-critical alternatives explicit until a physical observation collapses them.
43,doi:10.1609/aaai.v39i18.34133,PALM: Pushing Adaptive Learning Rate Mechanisms for Continual Test-Time Adaptation,2025,Proceedings of the AAAI Conference on Artificial Intelligence,https://doi.org/10.1609/aaai.v39i18.34133,Addresses robot data selection or a neighboring robotics mechanism.,"Prior work usually predicts, ranks, filters, or imitates observed behavior rather than preserving unrealized branches.",The observed outcome is enough to supervise the model.,"Contact mode support, embodiment limits, and deployment perturbations.","Branch collapse, hidden-mode shift, and tail-risk planning failures.",Generic world models and generic uncertainty are crowded.,Causal robot data selection keeps action-critical alternatives explicit until a physical observation collapses them.
44,doi:10.1109/cai64502.2025.00173,Large Language Model can Reduce the Necessity of Using Large Data Samples for Training Models,2025,2025 IEEE Conference on Artificial Intelligence (CAI),https://doi.org/10.1109/cai64502.2025.00173,Addresses robot data selection or a neighboring robotics mechanism.,"Prior work usually predicts, ranks, filters, or imitates observed behavior rather than preserving unrealized branches.",The observed outcome is enough to supervise the model.,"Contact mode support, embodiment limits, and deployment perturbations.","Branch collapse, hidden-mode shift, and tail-risk planning failures.",Generic world models and generic uncertainty are crowded.,Causal robot data selection keeps action-critical alternatives explicit until a physical observation collapses them.
45,arxiv:2512.01946v3,Scaling Cross-Environment Failure Reasoning Data for Vision-Language Robotic Manipulation,2025,arXiv,http://arxiv.org/abs/2512.01946v3,Addresses robot data selection or a neighboring robotics mechanism.,"Prior work usually predicts, ranks, filters, or imitates observed behavior rather than preserving unrealized branches.",The observed outcome is enough to supervise the model.,"Contact mode support, embodiment limits, and deployment perturbations.","Branch collapse, hidden-mode shift, and tail-risk planning failures.",Generic world models and generic uncertainty are crowded.,Causal robot data selection keeps action-critical alternatives explicit until a physical observation collapses them.
46,doi:10.1177/2378023119845496,Extracurricular Activities and Student Outcomes in Elementary and Middle School: Causal Effects or Self-selection?,2019,Socius: Sociological Research for a Dynamic World,https://doi.org/10.1177/2378023119845496,Addresses robot data selection or a neighboring robotics mechanism.,"Prior work usually predicts, ranks, filters, or imitates observed behavior rather than preserving unrealized branches.",The observed outcome is enough to supervise the model.,"Contact mode support, embodiment limits, and deployment perturbations.","Branch collapse, hidden-mode shift, and tail-risk planning failures.",Generic world models and generic uncertainty are crowded.,Causal robot data selection keeps action-critical alternatives explicit until a physical observation collapses them.
47,doi:10.3390/agronomy15010190,Organic Fertilization Leads to N Limitation Rather than P Limitation in Both Vegetable Soils,2025,Agronomy,https://doi.org/10.3390/agronomy15010190,Addresses robot data selection or a neighboring robotics mechanism.,"Prior work usually predicts, ranks, filters, or imitates observed behavior rather than preserving unrealized branches.",The observed outcome is enough to supervise the model.,"Contact mode support, embodiment limits, and deployment perturbations.","Branch collapse, hidden-mode shift, and tail-risk planning failures.",Generic world models and generic uncertainty are crowded.,Causal robot data selection keeps action-critical alternatives explicit until a physical observation collapses them.
48,doi:10.1007/978-3-031-83097-6_10,On the Interplay of Subset Selection and Informed Graph Neural Networks,2025,Cognitive Technologies Informed Machine Learning,https://doi.org/10.1007/978-3-031-83097-6_10,Addresses robot data selection or a neighboring robotics mechanism.,"Prior work usually predicts, ranks, filters, or imitates observed behavior rather than preserving unrealized branches.",The observed outcome is enough to supervise the model.,"Contact mode support, embodiment limits, and deployment perturbations.","Branch collapse, hidden-mode shift, and tail-risk planning failures.",Generic world models and generic uncertainty are crowded.,Causal robot data selection keeps action-critical alternatives explicit until a physical observation collapses them.
49,doi:10.21203/rs.3.rs-648262/v1,Causal Deep Learning on Real-world Data Reveals the Comparative Effectiveness of Anti-hyperglycemic Treatments,,,https://doi.org/10.21203/rs.3.rs-648262/v1,Addresses robot data selection or a neighboring robotics mechanism.,"Prior work usually predicts, ranks, filters, or imitates observed behavior rather than preserving unrealized branches.",The observed outcome is enough to supervise the model.,"Contact mode support, embodiment limits, and deployment perturbations.","Branch collapse, hidden-mode shift, and tail-risk planning failures.",Generic world models and generic uncertainty are crowded.,Causal robot data selection keeps action-critical alternatives explicit until a physical observation collapses them.
50,doi:10.21203/rs.3.rs-648262/v2,Causal Deep Learning on Real-world Data Reveals the Comparative Effectiveness of Anti-hyperglycemic Treatments,,,https://doi.org/10.21203/rs.3.rs-648262/v2,Addresses robot data selection or a neighboring robotics mechanism.,"Prior work usually predicts, ranks, filters, or imitates observed behavior rather than preserving unrealized branches.",The observed outcome is enough to supervise the model.,"Contact mode support, embodiment limits, and deployment perturbations.","Branch collapse, hidden-mode shift, and tail-risk planning failures.",Generic world models and generic uncertainty are crowded.,Causal robot data selection keeps action-critical alternatives explicit until a physical observation collapses them.
51,doi:10.25258/ijddt.16.16s.43,A Neuro-Symbolic Agentic Digital Twin Framework for Causally Explainable Reckless Driving Behaviour Detection,2026,International Journal of Drug Delivery Technology,https://doi.org/10.25258/ijddt.16.16s.43,Addresses robot data selection or a neighboring robotics mechanism.,"Prior work usually predicts, ranks, filters, or imitates observed behavior rather than preserving unrealized branches.",The observed outcome is enough to supervise the model.,"Contact mode support, embodiment limits, and deployment perturbations.","Branch collapse, hidden-mode shift, and tail-risk planning failures.",Generic world models and generic uncertainty are crowded.,Causal robot data selection keeps action-critical alternatives explicit until a physical observation collapses them.
52,doi:10.3390/s24092817,Optimizing Human–Robot Teaming Performance through Q-Learning-Based Task Load Adjustment and Physiological Data Analysis,2024,Sensors,https://doi.org/10.3390/s24092817,Addresses robot data selection or a neighboring robotics mechanism.,"Prior work usually predicts, ranks, filters, or imitates observed behavior rather than preserving unrealized branches.",The observed outcome is enough to supervise the model.,"Contact mode support, embodiment limits, and deployment perturbations.","Branch collapse, hidden-mode shift, and tail-risk planning failures.",Generic world models and generic uncertainty are crowded.,Causal robot data selection keeps action-critical alternatives explicit until a physical observation collapses them.
53,doi:10.54097/0exfh648,Research and Analysis of Robot Grasping Deep Learning: From End-to-End Model to Pre Training Foundation,2026,Mathematical Modeling and Algorithm Application,https://doi.org/10.54097/0exfh648,Addresses robot data selection or a neighboring robotics mechanism.,"Prior work usually predicts, ranks, filters, or imitates observed behavior rather than preserving unrealized branches.",The observed outcome is enough to supervise the model.,"Contact mode support, embodiment limits, and deployment perturbations.","Branch collapse, hidden-mode shift, and tail-risk planning failures.",Generic world models and generic uncertainty are crowded.,Causal robot data selection keeps action-critical alternatives explicit until a physical observation collapses them.
54,doi:10.2139/ssrn.6461838,Complexity-Aware In-Context Retrieval for Reliable Large Language Model Execution in Tabular Data Analytics,,,https://doi.org/10.2139/ssrn.6461838,Addresses robot data selection or a neighboring robotics mechanism.,"Prior work usually predicts, ranks, filters, or imitates observed behavior rather than preserving unrealized branches.",The observed outcome is enough to supervise the model.,"Contact mode support, embodiment limits, and deployment perturbations.","Branch collapse, hidden-mode shift, and tail-risk planning failures.",Generic world models and generic uncertainty are crowded.,Causal robot data selection keeps action-critical alternatives explicit until a physical observation collapses them.
55,doi:10.32388/2q3k8u,Balancing Safety and Educational Availability in a Large Language Model-Based Virtual Patient for Medical Interview Training: Robustness Evaluation Under Direct and Indirect Instructional Contamination,,,https://doi.org/10.32388/2q3k8u,Addresses robot data selection or a neighboring robotics mechanism.,"Prior work usually predicts, ranks, filters, or imitates observed behavior rather than preserving unrealized branches.",The observed outcome is enough to supervise the model.,"Contact mode support, embodiment limits, and deployment perturbations.","Branch collapse, hidden-mode shift, and tail-risk planning failures.",Generic world models and generic uncertainty are crowded.,Causal robot data selection keeps action-critical alternatives explicit until a physical observation collapses them.
56,doi:10.2478/jazcas-2025-0037,Training of Large Language Model Mistral on Slovak Language Data,2025,Journal of Linguistics/Jazykovedný casopis,https://doi.org/10.2478/jazcas-2025-0037,Addresses robot data selection or a neighboring robotics mechanism.,"Prior work usually predicts, ranks, filters, or imitates observed behavior rather than preserving unrealized branches.",The observed outcome is enough to supervise the model.,"Contact mode support, embodiment limits, and deployment perturbations.","Branch collapse, hidden-mode shift, and tail-risk planning failures.",Generic world models and generic uncertainty are crowded.,Causal robot data selection keeps action-critical alternatives explicit until a physical observation collapses them.
57,doi:10.1109/access.2019.2963742,Source Model Selection for Deep Learning in the Time Series Domain,2020,IEEE Access,https://doi.org/10.1109/access.2019.2963742,Addresses robot data selection or a neighboring robotics mechanism.,"Prior work usually predicts, ranks, filters, or imitates observed behavior rather than preserving unrealized branches.",The observed outcome is enough to supervise the model.,"Contact mode support, embodiment limits, and deployment perturbations.","Branch collapse, hidden-mode shift, and tail-risk planning failures.",Generic world models and generic uncertainty are crowded.,Causal robot data selection keeps action-critical alternatives explicit until a physical observation collapses them.
58,arxiv:2506.07530v2,BitVLA: 1-bit Vision-Language-Action Models for Robotics Manipulation,2025,arXiv,http://arxiv.org/abs/2506.07530v2,Addresses robot data selection or a neighboring robotics mechanism.,"Prior work usually predicts, ranks, filters, or imitates observed behavior rather than preserving unrealized branches.",The observed outcome is enough to supervise the model.,"Contact mode support, embodiment limits, and deployment perturbations.","Branch collapse, hidden-mode shift, and tail-risk planning failures.",Generic world models and generic uncertainty are crowded.,Causal robot data selection keeps action-critical alternatives explicit until a physical observation collapses them.
59,arxiv:2506.19850v1,Unified Vision-Language-Action Model,2025,arXiv,http://arxiv.org/abs/2506.19850v1,Addresses robot data selection or a neighboring robotics mechanism.,"Prior work usually predicts, ranks, filters, or imitates observed behavior rather than preserving unrealized branches.",The observed outcome is enough to supervise the model.,"Contact mode support, embodiment limits, and deployment perturbations.","Branch collapse, hidden-mode shift, and tail-risk planning failures.",Generic world models and generic uncertainty are crowded.,Causal robot data selection keeps action-critical alternatives explicit until a physical observation collapses them.
60,doi:10.1016/j.engfailanal.2012.04.001,A knowledge-based reasoning model using causal table for identifying corrosion failure mechanisms in refining and petrochemical plants,2012,Engineering Failure Analysis,https://doi.org/10.1016/j.engfailanal.2012.04.001,Addresses robot data selection or a neighboring robotics mechanism.,"Prior work usually predicts, ranks, filters, or imitates observed behavior rather than preserving unrealized branches.",The observed outcome is enough to supervise the model.,"Contact mode support, embodiment limits, and deployment perturbations.","Branch collapse, hidden-mode shift, and tail-risk planning failures.",Generic world models and generic uncertainty are crowded.,Causal robot data selection keeps action-critical alternatives explicit until a physical observation collapses them.
61,doi:10.3847/1538-4365/ad7386,Causal Attention Deep-learning Model for Solar Flare Forecasting,2024,The Astrophysical Journal Supplement Series,https://doi.org/10.3847/1538-4365/ad7386,Addresses robot data selection or a neighboring robotics mechanism.,"Prior work usually predicts, ranks, filters, or imitates observed behavior rather than preserving unrealized branches.",The observed outcome is enough to supervise the model.,"Contact mode support, embodiment limits, and deployment perturbations.","Branch collapse, hidden-mode shift, and tail-risk planning failures.",Generic world models and generic uncertainty are crowded.,Causal robot data selection keeps action-critical alternatives explicit until a physical observation collapses them.
62,arxiv:2312.17168v1,Can Active Sampling Reduce Causal Confusion in Offline Reinforcement Learning?,2023,arXiv,http://arxiv.org/abs/2312.17168v1,Addresses robot data selection or a neighboring robotics mechanism.,"Prior work usually predicts, ranks, filters, or imitates observed behavior rather than preserving unrealized branches.",The observed outcome is enough to supervise the model.,"Contact mode support, embodiment limits, and deployment perturbations.","Branch collapse, hidden-mode shift, and tail-risk planning failures.",Generic world models and generic uncertainty are crowded.,Causal robot data selection keeps action-critical alternatives explicit until a physical observation collapses them.
63,arxiv:2512.03913v1,Hierarchical Vision Language Action Model Using Success and Failure Demonstrations,2025,arXiv,http://arxiv.org/abs/2512.03913v1,Addresses robot data selection or a neighboring robotics mechanism.,"Prior work usually predicts, ranks, filters, or imitates observed behavior rather than preserving unrealized branches.",The observed outcome is enough to supervise the model.,"Contact mode support, embodiment limits, and deployment perturbations.","Branch collapse, hidden-mode shift, and tail-risk planning failures.",Generic world models and generic uncertainty are crowded.,Causal robot data selection keeps action-critical alternatives explicit until a physical observation collapses them.
64,doi:10.4018/978-1-60566-354-8.ch005,Affective Goal and Task Selection for Social Robots,2009,IGI Global eBooks,https://doi.org/10.4018/978-1-60566-354-8.ch005,Addresses robot data selection or a neighboring robotics mechanism.,"Prior work usually predicts, ranks, filters, or imitates observed behavior rather than preserving unrealized branches.",The observed outcome is enough to supervise the model.,"Contact mode support, embodiment limits, and deployment perturbations.","Branch collapse, hidden-mode shift, and tail-risk planning failures.",Generic world models and generic uncertainty are crowded.,Causal robot data selection keeps action-critical alternatives explicit until a physical observation collapses them.
65,doi:10.1038/s42003-021-01955-z,An integrated multimodal model of alcohol use disorder generated by data-driven causal discovery analysis,2021,Communications Biology,https://doi.org/10.1038/s42003-021-01955-z,Addresses robot data selection or a neighboring robotics mechanism.,"Prior work usually predicts, ranks, filters, or imitates observed behavior rather than preserving unrealized branches.",The observed outcome is enough to supervise the model.,"Contact mode support, embodiment limits, and deployment perturbations.","Branch collapse, hidden-mode shift, and tail-risk planning failures.",Generic world models and generic uncertainty are crowded.,Causal robot data selection keeps action-critical alternatives explicit until a physical observation collapses them.
66,doi:10.2139/ssrn.6246929,Real-World Effect of GLP-1 Receptor Agonist Initiation on Body Composition and Blood Pressure: A Distributional Causal Inference Analysis of Connected Device Data,,,https://doi.org/10.2139/ssrn.6246929,Addresses robot data selection or a neighboring robotics mechanism.,"Prior work usually predicts, ranks, filters, or imitates observed behavior rather than preserving unrealized branches.",The observed outcome is enough to supervise the model.,"Contact mode support, embodiment limits, and deployment perturbations.","Branch collapse, hidden-mode shift, and tail-risk planning failures.",Generic world models and generic uncertainty are crowded.,Causal robot data selection keeps action-critical alternatives explicit until a physical observation collapses them.
67,doi:10.3389/frai.2026.1800791,Explaining hidden mechanisms: a generative model for causal graphs with nonlinear latent factors,2026,Frontiers in Artificial Intelligence,https://doi.org/10.3389/frai.2026.1800791,Addresses robot data selection or a neighboring robotics mechanism.,"Prior work usually predicts, ranks, filters, or imitates observed behavior rather than preserving unrealized branches.",The observed outcome is enough to supervise the model.,"Contact mode support, embodiment limits, and deployment perturbations.","Branch collapse, hidden-mode shift, and tail-risk planning failures.",Generic world models and generic uncertainty are crowded.,Causal robot data selection keeps action-critical alternatives explicit until a physical observation collapses them.
68,doi:10.32388/p7mmgr,Causality in Machine Learning: Innovating Model Generalization through Inference of Causal Relationships from Observational Data,,,https://doi.org/10.32388/p7mmgr,Addresses robot data selection or a neighboring robotics mechanism.,"Prior work usually predicts, ranks, filters, or imitates observed behavior rather than preserving unrealized branches.",The observed outcome is enough to supervise the model.,"Contact mode support, embodiment limits, and deployment perturbations.","Branch collapse, hidden-mode shift, and tail-risk planning failures.",Generic world models and generic uncertainty are crowded.,Causal robot data selection keeps action-critical alternatives explicit until a physical observation collapses them.
69,doi:10.2139/ssrn.6304924,Flood Depth Mapping with SWOT-Derived Training Data: Evaluating the Potential of Open-Source Datasets,,,https://doi.org/10.2139/ssrn.6304924,Addresses robot data selection or a neighboring robotics mechanism.,"Prior work usually predicts, ranks, filters, or imitates observed behavior rather than preserving unrealized branches.",The observed outcome is enough to supervise the model.,"Contact mode support, embodiment limits, and deployment perturbations.","Branch collapse, hidden-mode shift, and tail-risk planning failures.",Generic world models and generic uncertainty are crowded.,Causal robot data selection keeps action-critical alternatives explicit until a physical observation collapses them.
70,doi:10.1142/s0219843622500128,International Art Design Talents-oriented New Training Mode Using Human–Computer Interaction based on Artificial Intelligence,2023,International Journal of Humanoid Robotics,https://doi.org/10.1142/s0219843622500128,Addresses robot data selection or a neighboring robotics mechanism.,"Prior work usually predicts, ranks, filters, or imitates observed behavior rather than preserving unrealized branches.",The observed outcome is enough to supervise the model.,"Contact mode support, embodiment limits, and deployment perturbations.","Branch collapse, hidden-mode shift, and tail-risk planning failures.",Generic world models and generic uncertainty are crowded.,Causal robot data selection keeps action-critical alternatives explicit until a physical observation collapses them.
71,doi:10.1109/devlrn.2018.8761005,Drifting perceptual patterns suggest prediction errors fusion rather than hypothesis selection: replicating the rubber-hand illusion on a robot,2018,2018 Joint IEEE 8th International Conference on Development and Learning and Epigenetic Robotics (ICDL-EpiRob),https://doi.org/10.1109/devlrn.2018.8761005,Addresses robot data selection or a neighboring robotics mechanism.,"Prior work usually predicts, ranks, filters, or imitates observed behavior rather than preserving unrealized branches.",The observed outcome is enough to supervise the model.,"Contact mode support, embodiment limits, and deployment perturbations.","Branch collapse, hidden-mode shift, and tail-risk planning failures.",Generic world models and generic uncertainty are crowded.,Causal robot data selection keeps action-critical alternatives explicit until a physical observation collapses them.
72,doi:10.1109/iros60139.2025.11246109,Active Training Data Selection for Gaussian Process-based Robot Dynamics Learning and Control,2025,2025 IEEE/RSJ International Conference on Intelligent Robots and Systems (IROS),https://doi.org/10.1109/iros60139.2025.11246109,Addresses robot data selection or a neighboring robotics mechanism.,"Prior work usually predicts, ranks, filters, or imitates observed behavior rather than preserving unrealized branches.",The observed outcome is enough to supervise the model.,"Contact mode support, embodiment limits, and deployment perturbations.","Branch collapse, hidden-mode shift, and tail-risk planning failures.",Generic world models and generic uncertainty are crowded.,Causal robot data selection keeps action-critical alternatives explicit until a physical observation collapses them.
73,arxiv:2603.06928v2,Failure Mechanisms and Risk Estimation for Legged Robot Locomotion on Granular Slopes,2026,arXiv,http://arxiv.org/abs/2603.06928v2,Addresses robot data selection or a neighboring robotics mechanism.,"Prior work usually predicts, ranks, filters, or imitates observed behavior rather than preserving unrealized branches.",The observed outcome is enough to supervise the model.,"Contact mode support, embodiment limits, and deployment perturbations.","Branch collapse, hidden-mode shift, and tail-risk planning failures.",Generic world models and generic uncertainty are crowded.,Causal robot data selection keeps action-critical alternatives explicit until a physical observation collapses them.
74,doi:10.62311/nesx/rb978-81-972314-7-6,The AI Fusion: Reshaping Industries with Deep Learning and Machine Intelligence,2024,,https://doi.org/10.62311/nesx/rb978-81-972314-7-6,Addresses robot data selection or a neighboring robotics mechanism.,"Prior work usually predicts, ranks, filters, or imitates observed behavior rather than preserving unrealized branches.",The observed outcome is enough to supervise the model.,"Contact mode support, embodiment limits, and deployment perturbations.","Branch collapse, hidden-mode shift, and tail-risk planning failures.",Generic world models and generic uncertainty are crowded.,Causal robot data selection keeps action-critical alternatives explicit until a physical observation collapses them.
75,doi:10.3390/math11214479,Efficient Federated Learning with Pre-Trained Large Language Model Using Several Adapter Mechanisms,2023,Mathematics,https://doi.org/10.3390/math11214479,Addresses robot data selection or a neighboring robotics mechanism.,"Prior work usually predicts, ranks, filters, or imitates observed behavior rather than preserving unrealized branches.",The observed outcome is enough to supervise the model.,"Contact mode support, embodiment limits, and deployment perturbations.","Branch collapse, hidden-mode shift, and tail-risk planning failures.",Generic world models and generic uncertainty are crowded.,Causal robot data selection keeps action-critical alternatives explicit until a physical observation collapses them.
76,doi:10.1088/1742-6596/2813/1/012006,Causal V: A five-phase causal mining methodology for real-world accident data,2024,Journal of Physics: Conference Series,https://doi.org/10.1088/1742-6596/2813/1/012006,Addresses robot data selection or a neighboring robotics mechanism.,"Prior work usually predicts, ranks, filters, or imitates observed behavior rather than preserving unrealized branches.",The observed outcome is enough to supervise the model.,"Contact mode support, embodiment limits, and deployment perturbations.","Branch collapse, hidden-mode shift, and tail-risk planning failures.",Generic world models and generic uncertainty are crowded.,Causal robot data selection keeps action-critical alternatives explicit until a physical observation collapses them.
77,arxiv:2302.10135v1,Enhancing Causal Discovery from Robot Sensor Data in Dynamic Scenarios,2023,arXiv,http://arxiv.org/abs/2302.10135v1,Addresses robot data selection or a neighboring robotics mechanism.,"Prior work usually predicts, ranks, filters, or imitates observed behavior rather than preserving unrealized branches.",The observed outcome is enough to supervise the model.,"Contact mode support, embodiment limits, and deployment perturbations.","Branch collapse, hidden-mode shift, and tail-risk planning failures.",Generic world models and generic uncertainty are crowded.,Causal robot data selection keeps action-critical alternatives explicit until a physical observation collapses them.
78,doi:10.3390/pr9040676,Real-World Failure Prevention Framework for Manufacturing Facilities Using Text Data,2021,Processes,https://doi.org/10.3390/pr9040676,Addresses robot data selection or a neighboring robotics mechanism.,"Prior work usually predicts, ranks, filters, or imitates observed behavior rather than preserving unrealized branches.",The observed outcome is enough to supervise the model.,"Contact mode support, embodiment limits, and deployment perturbations.","Branch collapse, hidden-mode shift, and tail-risk planning failures.",Generic world models and generic uncertainty are crowded.,Causal robot data selection keeps action-critical alternatives explicit until a physical observation collapses them.
79,doi:10.1523/jneurosci.5792-11.2012,Muscle Coordination Is Habitual Rather than Optimal,2012,Journal of Neuroscience,https://doi.org/10.1523/jneurosci.5792-11.2012,Addresses robot data selection or a neighboring robotics mechanism.,"Prior work usually predicts, ranks, filters, or imitates observed behavior rather than preserving unrealized branches.",The observed outcome is enough to supervise the model.,"Contact mode support, embodiment limits, and deployment perturbations.","Branch collapse, hidden-mode shift, and tail-risk planning failures.",Generic world models and generic uncertainty are crowded.,Causal robot data selection keeps action-critical alternatives explicit until a physical observation collapses them.
80,doi:10.30574/wjarr.2022.16.3.1316,Causal representation learning for disease risk stratification in multi-ethnic populations using real-world Biobank Cohorts,2022,World Journal of Advanced Research and Reviews,https://doi.org/10.30574/wjarr.2022.16.3.1316,Addresses robot data selection or a neighboring robotics mechanism.,"Prior work usually predicts, ranks, filters, or imitates observed behavior rather than preserving unrealized branches.",The observed outcome is enough to supervise the model.,"Contact mode support, embodiment limits, and deployment perturbations.","Branch collapse, hidden-mode shift, and tail-risk planning failures.",Generic world models and generic uncertainty are crowded.,Causal robot data selection keeps action-critical alternatives explicit until a physical observation collapses them.
81,doi:10.2139/ssrn.6598198,TC-MoE: Temporal-Coherent Mixture-of-Experts for Time Series Forecasting,,,https://doi.org/10.2139/ssrn.6598198,Addresses robot data selection or a neighboring robotics mechanism.,"Prior work usually predicts, ranks, filters, or imitates observed behavior rather than preserving unrealized branches.",The observed outcome is enough to supervise the model.,"Contact mode support, embodiment limits, and deployment perturbations.","Branch collapse, hidden-mode shift, and tail-risk planning failures.",Generic world models and generic uncertainty are crowded.,Causal robot data selection keeps action-critical alternatives explicit until a physical observation collapses them.
82,doi:10.1515/ijcss-2017-0012,Automated Feedback Selection for Robot-Assisted Training,2017,International Journal of Computer Science in Sport,https://doi.org/10.1515/ijcss-2017-0012,Addresses robot data selection or a neighboring robotics mechanism.,"Prior work usually predicts, ranks, filters, or imitates observed behavior rather than preserving unrealized branches.",The observed outcome is enough to supervise the model.,"Contact mode support, embodiment limits, and deployment perturbations.","Branch collapse, hidden-mode shift, and tail-risk planning failures.",Generic world models and generic uncertainty are crowded.,Causal robot data selection keeps action-critical alternatives explicit until a physical observation collapses them.
83,doi:10.3390/s26113541,Sensing the Action: Rethinking Sensor Modalities and Multi-Modal Fusion in Vision–Language–Action Models for Robotic Manipulation,2026,Sensors,https://doi.org/10.3390/s26113541,Addresses robot data selection or a neighboring robotics mechanism.,"Prior work usually predicts, ranks, filters, or imitates observed behavior rather than preserving unrealized branches.",The observed outcome is enough to supervise the model.,"Contact mode support, embodiment limits, and deployment perturbations.","Branch collapse, hidden-mode shift, and tail-risk planning failures.",Generic world models and generic uncertainty are crowded.,Causal robot data selection keeps action-critical alternatives explicit until a physical observation collapses them.
84,doi:10.66967/jaics.2026.v2i103,Multimodal AI: PaLM-E’s Role in Vision–Language–Robotics & the Future of Efficient Fine-Tuning,2026,Journal of Artificial Intelligence & Control Systems,https://doi.org/10.66967/jaics.2026.v2i103,Addresses robot data selection or a neighboring robotics mechanism.,"Prior work usually predicts, ranks, filters, or imitates observed behavior rather than preserving unrealized branches.",The observed outcome is enough to supervise the model.,"Contact mode support, embodiment limits, and deployment perturbations.","Branch collapse, hidden-mode shift, and tail-risk planning failures.",Generic world models and generic uncertainty are crowded.,Causal robot data selection keeps action-critical alternatives explicit until a physical observation collapses them.
85,arxiv:2410.15959v6,Diffusion Transformer Policy,2024,arXiv,http://arxiv.org/abs/2410.15959v6,Addresses robot data selection or a neighboring robotics mechanism.,"Prior work usually predicts, ranks, filters, or imitates observed behavior rather than preserving unrealized branches.",The observed outcome is enough to supervise the model.,"Contact mode support, embodiment limits, and deployment perturbations.","Branch collapse, hidden-mode shift, and tail-risk planning failures.",Generic world models and generic uncertainty are crowded.,Causal robot data selection keeps action-critical alternatives explicit until a physical observation collapses them.
86,doi:10.3389/frai.2023.1123285,Learning from real world data about combinatorial treatment selection for COVID-19,2023,Frontiers in Artificial Intelligence,https://doi.org/10.3389/frai.2023.1123285,Addresses robot data selection or a neighboring robotics mechanism.,"Prior work usually predicts, ranks, filters, or imitates observed behavior rather than preserving unrealized branches.",The observed outcome is enough to supervise the model.,"Contact mode support, embodiment limits, and deployment perturbations.","Branch collapse, hidden-mode shift, and tail-risk planning failures.",Generic world models and generic uncertainty are crowded.,Causal robot data selection keeps action-critical alternatives explicit until a physical observation collapses them.
87,doi:10.1038/s41467-021-25046-z,Selection rules of triboelectric materials for direct-current triboelectric nanogenerator,2021,Nature Communications,https://doi.org/10.1038/s41467-021-25046-z,Addresses robot data selection or a neighboring robotics mechanism.,"Prior work usually predicts, ranks, filters, or imitates observed behavior rather than preserving unrealized branches.",The observed outcome is enough to supervise the model.,"Contact mode support, embodiment limits, and deployment perturbations.","Branch collapse, hidden-mode shift, and tail-risk planning failures.",Generic world models and generic uncertainty are crowded.,Causal robot data selection keeps action-critical alternatives explicit until a physical observation collapses them.
88,arxiv:2511.04361v2,Causal Regime Detection in Energy Markets With Augmented Time Series Structural Causal Models,2025,arXiv,http://arxiv.org/abs/2511.04361v2,Addresses robot data selection or a neighboring robotics mechanism.,"Prior work usually predicts, ranks, filters, or imitates observed behavior rather than preserving unrealized branches.",The observed outcome is enough to supervise the model.,"Contact mode support, embodiment limits, and deployment perturbations.","Branch collapse, hidden-mode shift, and tail-risk planning failures.",Generic world models and generic uncertainty are crowded.,Causal robot data selection keeps action-critical alternatives explicit until a physical observation collapses them.
89,arxiv:2511.01066v3,"HPLT 3.0: Very Large-Scale Multilingual Resources for LLMs and MT. Mono- and Bi-lingual Data, Multilingual Evaluation, and Pre-Trained Models",2025,arXiv,http://arxiv.org/abs/2511.01066v3,Addresses robot data selection or a neighboring robotics mechanism.,"Prior work usually predicts, ranks, filters, or imitates observed behavior rather than preserving unrealized branches.",The observed outcome is enough to supervise the model.,"Contact mode support, embodiment limits, and deployment perturbations.","Branch collapse, hidden-mode shift, and tail-risk planning failures.",Generic world models and generic uncertainty are crowded.,Causal robot data selection keeps action-critical alternatives explicit until a physical observation collapses them.
90,doi:10.1109/iccma67641.2025.11369708,Investigation of Training Data and Model Structure in Gaussian Process-based Model Predictive Control,2025,"2025 13th International Conference on Control, Mechatronics and Automation (ICCMA)",https://doi.org/10.1109/iccma67641.2025.11369708,Addresses robot data selection or a neighboring robotics mechanism.,"Prior work usually predicts, ranks, filters, or imitates observed behavior rather than preserving unrealized branches.",The observed outcome is enough to supervise the model.,"Contact mode support, embodiment limits, and deployment perturbations.","Branch collapse, hidden-mode shift, and tail-risk planning failures.",Generic world models and generic uncertainty are crowded.,Causal robot data selection keeps action-critical alternatives explicit until a physical observation collapses them.
91,doi:10.1080/14664208.2026.2616564,"More than data in a large-scale language survey: agency, structure, and culture in the Project for the Protection of Language Resources of China",2026,Current Issues in Language Planning,https://doi.org/10.1080/14664208.2026.2616564,Addresses robot data selection or a neighboring robotics mechanism.,"Prior work usually predicts, ranks, filters, or imitates observed behavior rather than preserving unrealized branches.",The observed outcome is enough to supervise the model.,"Contact mode support, embodiment limits, and deployment perturbations.","Branch collapse, hidden-mode shift, and tail-risk planning failures.",Generic world models and generic uncertainty are crowded.,Causal robot data selection keeps action-critical alternatives explicit until a physical observation collapses them.
92,arxiv:2507.05333v1,Causal Foundation Models: Disentangling Physics from Instrument Properties,2025,arXiv,http://arxiv.org/abs/2507.05333v1,Addresses robot data selection or a neighboring robotics mechanism.,"Prior work usually predicts, ranks, filters, or imitates observed behavior rather than preserving unrealized branches.",The observed outcome is enough to supervise the model.,"Contact mode support, embodiment limits, and deployment perturbations.","Branch collapse, hidden-mode shift, and tail-risk planning failures.",Generic world models and generic uncertainty are crowded.,Causal robot data selection keeps action-critical alternatives explicit until a physical observation collapses them.
93,doi:10.5194/bg-20-3119-2023,Potassium limitation of forest productivity – Part 2: CASTANEA-MAESPA-K shows a reduction in photosynthesis rather than a stoichiometric limitation of tissue formation,2023,Biogeosciences,https://doi.org/10.5194/bg-20-3119-2023,Addresses robot data selection or a neighboring robotics mechanism.,"Prior work usually predicts, ranks, filters, or imitates observed behavior rather than preserving unrealized branches.",The observed outcome is enough to supervise the model.,"Contact mode support, embodiment limits, and deployment perturbations.","Branch collapse, hidden-mode shift, and tail-risk planning failures.",Generic world models and generic uncertainty are crowded.,Causal robot data selection keeps action-critical alternatives explicit until a physical observation collapses them.
94,doi:10.1613/jair.1.17084,Data Augmentation for Time-Series Classification: An Extensive Empirical Study and Comprehensive Survey,2025,Journal of Artificial Intelligence Research,https://doi.org/10.1613/jair.1.17084,Addresses robot data selection or a neighboring robotics mechanism.,"Prior work usually predicts, ranks, filters, or imitates observed behavior rather than preserving unrealized branches.",The observed outcome is enough to supervise the model.,"Contact mode support, embodiment limits, and deployment perturbations.","Branch collapse, hidden-mode shift, and tail-risk planning failures.",Generic world models and generic uncertainty are crowded.,Causal robot data selection keeps action-critical alternatives explicit until a physical observation collapses them.
95,arxiv:2308.14179v1,Towards Vision-Language Mechanistic Interpretability: A Causal Tracing Tool for BLIP,2023,arXiv,http://arxiv.org/abs/2308.14179v1,Addresses robot data selection or a neighboring robotics mechanism.,"Prior work usually predicts, ranks, filters, or imitates observed behavior rather than preserving unrealized branches.",The observed outcome is enough to supervise the model.,"Contact mode support, embodiment limits, and deployment perturbations.","Branch collapse, hidden-mode shift, and tail-risk planning failures.",Generic world models and generic uncertainty are crowded.,Causal robot data selection keeps action-critical alternatives explicit until a physical observation collapses them.
96,arxiv:2604.21741v2,Hi-WM: Human-in-the-World-Model for Scalable Robot Post-Training,2026,arXiv,http://arxiv.org/abs/2604.21741v2,Addresses robot data selection or a neighboring robotics mechanism.,"Prior work usually predicts, ranks, filters, or imitates observed behavior rather than preserving unrealized branches.",The observed outcome is enough to supervise the model.,"Contact mode support, embodiment limits, and deployment perturbations.","Branch collapse, hidden-mode shift, and tail-risk planning failures.",Generic world models and generic uncertainty are crowded.,Causal robot data selection keeps action-critical alternatives explicit until a physical observation collapses them.
97,doi:10.62836/iaet.v3i1.485,End-to-End Intrusion Detection in Data Security Using Attention-Based Large Language Model,2024,Innovations in Applied Engineering and Technology,https://doi.org/10.62836/iaet.v3i1.485,Addresses robot data selection or a neighboring robotics mechanism.,"Prior work usually predicts, ranks, filters, or imitates observed behavior rather than preserving unrealized branches.",The observed outcome is enough to supervise the model.,"Contact mode support, embodiment limits, and deployment perturbations.","Branch collapse, hidden-mode shift, and tail-risk planning failures.",Generic world models and generic uncertainty are crowded.,Causal robot data selection keeps action-critical alternatives explicit until a physical observation collapses them.
98,doi:10.1038/s41467-025-62123-z,Training a high-performance retinal foundation model with half-the-data and 400 times less compute,2025,Nature Communications,https://doi.org/10.1038/s41467-025-62123-z,Addresses robot data selection or a neighboring robotics mechanism.,"Prior work usually predicts, ranks, filters, or imitates observed behavior rather than preserving unrealized branches.",The observed outcome is enough to supervise the model.,"Contact mode support, embodiment limits, and deployment perturbations.","Branch collapse, hidden-mode shift, and tail-risk planning failures.",Generic world models and generic uncertainty are crowded.,Causal robot data selection keeps action-critical alternatives explicit until a physical observation collapses them.
99,doi:10.1115/detc2025-168430,Image-Based Hand Pose Data Acquisition Framework for Robot Learning,2025,Volume 5: 21st IEEE/ASME International Conference on Mechatronic and Embedded Systems and Applications (MESA); 49th Mechanisms and Robotics Conference (MR),https://doi.org/10.1115/detc2025-168430,Addresses robot data selection or a neighboring robotics mechanism.,"Prior work usually predicts, ranks, filters, or imitates observed behavior rather than preserving unrealized branches.",The observed outcome is enough to supervise the model.,"Contact mode support, embodiment limits, and deployment perturbations.","Branch collapse, hidden-mode shift, and tail-risk planning failures.",Generic world models and generic uncertainty are crowded.,Causal robot data selection keeps action-critical alternatives explicit until a physical observation collapses them.
100,doi:10.3390/math13111891,An Adaptive Evolutionary Causal Dynamic Factor Model,2025,Mathematics,https://doi.org/10.3390/math13111891,Addresses robot data selection or a neighboring robotics mechanism.,"Prior work usually predicts, ranks, filters, or imitates observed behavior rather than preserving unrealized branches.",The observed outcome is enough to supervise the model.,"Contact mode support, embodiment limits, and deployment perturbations.","Branch collapse, hidden-mode shift, and tail-risk planning failures.",Generic world models and generic uncertainty are crowded.,Causal robot data selection keeps action-critical alternatives explicit until a physical observation collapses them.
